url,meta,sender,sender_type,sender_id,response,response_action,ended_on,duration,time_run,time_render,time_show,time_end,time_commit,timestamp,time_switch
Array,Array,Instruction,html.Screen,0,continue,keypress(Space),response,1574.4919999985,153.29999999994,142.556,159.223,1733.7149999985,1736.6949999996,2021-02-23T21:40:29.113Z,1775.768
"Fixation cross",canvas.Screen,1_0_0_0,red,red,practice,timeout,499.994,1767.6199999987,1725.773,1775.768,2259.097,2261.7449999998,2021-02-23T21:40:29.638Z,2275.762
"Stroop screen",canvas.Screen,1_0_0_1,red,red,practice,red,keydown(r),red,1,response,1453.9529999995,2261.8849999999,2259.097,2275.762,3729.7149999995,3732.6099999991,2021-02-23T21:40:31.109Z,3742.328
"Inter-trial interval",canvas.Screen,1_0_0_2,red,red,practice,timeout,500.015,3732.7699999987,3725.663,3742.328,4225.678,4228.1199999998,2021-02-23T21:40:31.605Z,4242.343
Trial,flow.Sequence,1_0_0,red,red,practice,completion,2449.91,1767.5949999993,1725.773,1775.768,4225.678,4228.3749999988,2021-02-23T21:40:31.605Z,4242.343
"Fixation cross",canvas.Screen,1_0_1_0,green,green,practice,timeout,499.96,4228.4599999984,4225.678,4242.343,4725.638,4727.9399999989,2021-02-23T21:40:32.105Z,4742.303
"Stroop screen",canvas.Screen,1_0_1_1,green,green,practice,orange,keydown(o),green,,response,77.411999999633,4728.0749999991,4725.638,4742.303,4819.7149999996,4821.899999999,2021-02-23T21:40:32.199Z,4825.652
"Inter-trial interval",canvas.Screen,1_0_1_2,green,green,practice,timeout,499.954,4822.0149999997,4808.987,4825.652,5308.941,5311.1899999985,2021-02-23T21:40:32.688Z,5325.606
Trial,flow.Sequence,1_0_1,green,green,practice,completion,1066.598,4228.4349999991,4225.678,4242.343,5308.941,5311.4849999984,2021-02-23T21:40:32.688Z,5325.606
"Fixation cross",canvas.Screen,1_0_2_0,blue,blue,practice,timeout,499.975,5311.5799999996,5308.941,5325.606,5808.916,5811.6999999984,2021-02-23T21:40:33.188Z,5825.581
"Stroop screen",canvas.Screen,1_0_2_1,blue,blue,practice,orange,keydown(o),blue,,response,199.13399999956,5811.8599999998,5808.916,5825.581,6024.7149999996,6027.0849999997,2021-02-23T21:40:33.404Z,6042.251
"Inter-trial interval",canvas.Screen,1_0_2_2,blue,blue,practice,timeout,499.961,6027.1599999996,6025.586,6042.251,6525.547,6528.194999999,2021-02-23T21:40:33.905Z,6542.212
Trial,flow.Sequence,1_0_2,blue,blue,practice,completion,1199.941,5311.565,5308.941,5325.606,6525.547,6528.3149999996,2021-02-23T21:40:33.905Z,6542.212
"Fixation cross",canvas.Screen,1_0_3_0,orange,orange,practice,timeout,499.975,6528.3799999997,6525.547,6542.212,7025.522,7027.8749999998,2021-02-23T21:40:34.404Z,7042.187
"Stroop screen",canvas.Screen,1_0_3_1,orange,orange,practice,orange,keydown(o),orange,1,response,48.527999998454,7028.0299999995,7025.522,7042.187,7090.7149999985,7093.8699999988,2021-02-23T21:40:34.470Z,7108.872
"Inter-trial interval",canvas.Screen,1_0_3_2,orange,orange,practice,timeout,499.953,7093.9499999986,7092.207,7108.872,7592.16,7595.1399999994,2021-02-23T21:40:34.972Z,7608.825
Trial,flow.Sequence,1_0_3,orange,orange,practice,completion,1049.948,6528.3650000001,6525.547,6542.212,7592.16,7595.405,2021-02-23T21:40:34.972Z,7608.825
"Practice task",flow.Loop,1_0,completion,5816.392,1767.5549999985,1725.773,1775.768,7592.16,7595.6499999993,2021-02-23T21:40:34.972Z,7608.825
"Practice frame",canvas.Frame,1,,5820.0169999995,1736.8649999989,1725.773,1775.768,7595.7849999995,7595.8799999989,2021-02-23T21:40:34.972Z,7625.49
"Fixation cross",canvas.Screen,2_0_0_0,green,green,task,timeout,499.976,7596.8349999985,7608.825,7625.49,8108.801,8111.5649999992,2021-02-23T21:40:35.488Z,8125.466
"Stroop screen",canvas.Screen,2_0_0_1,green,green,task,orange,keydown(o),green,,response,31.248999999167,8111.6699999984,8108.801,8125.466,8156.7149999992,8160.6400000001,2021-02-23T21:40:35.537Z,8175.486
"Inter-trial interval",canvas.Screen,2_0_0_2,green,green,task,timeout,499.951,8160.8399999986,8158.821,8175.486,8658.772,8661.3749999997,2021-02-23T21:40:36.038Z,8675.437
Trial,flow.Sequence,2_0_0,green,green,task,completion,1033.282,7596.814999999,7608.825,7625.49,8658.772,8661.7499999993,2021-02-23T21:40:36.038Z,8675.437
"Fixation cross",canvas.Screen,2_0_1_0,blue,orange,task,timeout,499.976,8661.8899999994,8658.772,8675.437,9158.748,9161.3249999991,2021-02-23T21:40:36.538Z,9175.413
"Stroop screen",canvas.Screen,2_0_1_1,blue,orange,task,orange,keydown(o),blue,,response,95.301999998745,9161.4699999991,9158.748,9175.413,9270.7149999987,9274.0299999987,2021-02-23T21:40:36.651Z,9275.428
"Inter-trial interval",canvas.Screen,2_0_1_2,blue,orange,task,timeout,499.956,9274.1649999989,9258.763,9275.428,9758.719,9761.8849999999,2021-02-23T21:40:37.139Z,9775.384
Trial,flow.Sequence,2_0_1,blue,orange,task,completion,1083.282,8661.8600000002,8658.772,8675.437,9758.719,9762.0149999984,2021-02-23T21:40:37.139Z,9775.384
"Fixation cross",canvas.Screen,2_0_2_0,red,green,task,timeout,499.974,9762.1099999997,9758.719,9775.384,10258.693,10262.115,2021-02-23T21:40:37.639Z,10275.358
"Stroop screen",canvas.Screen,2_0_2_1,red,green,task,orange,keydown(o),red,,response,165.35699999882,10262.235,10258.693,10275.358,10440.714999999,10443.719999999,2021-02-23T21:40:37.820Z,10458.698
"Inter-trial interval",canvas.Screen,2_0_2_2,red,green,task,timeout,499.959,10443.819999999,10442.033,10458.698,10941.992,10944.529999999,2021-02-23T21:40:38.321Z,10958.657
Trial,flow.Sequence,2_0_2,red,green,task,completion,1166.608,9762.064999999,9758.719,9775.384,10941.992,10944.724999999,2021-02-23T21:40:38.321Z,10958.657
"Fixation cross",canvas.Screen,2_0_3_0,blue,red,task,timeout,499.975,10944.86,10941.992,10958.657,11441.967,11444.41,2021-02-23T21:40:38.821Z,11458.632
"Stroop screen",canvas.Screen,2_0_3_1,blue,red,task,orange,keydown(o),blue,,response,110.08299999943,11444.565,11441.967,11458.632,11568.714999999,11570.914999998,2021-02-23T21:40:38.948Z,11575.311
"Inter-trial interval",canvas.Screen,2_0_3_2,blue,red,task,timeout,499.956,11570.995,11558.646,11575.311,12058.602,12061.2,2021-02-23T21:40:39.438Z,12075.267
Trial,flow.Sequence,2_0_3,blue,red,task,completion,1099.945,10944.819999999,10941.992,10958.657,12058.602,12061.324999999,2021-02-23T21:40:39.438Z,12075.267
"Fixation cross",canvas.Screen,2_0_4_0,red,blue,task,timeout,499.975,12061.425,12058.602,12075.267,12558.577,12561.92,2021-02-23T21:40:39.939Z,12575.242
"Stroop screen",canvas.Screen,2_0_4_1,red,blue,task,orange,keydown(o),red,,response,13.138000000041,12562.08,12558.577,12571.715,12573.455,2021-02-23T21:40:39.950Z,12591.907
"Inter-trial interval",canvas.Screen,2_0_4_2,red,blue,task,timeout,499.976,12573.609999999,12575.242,12591.907,13075.218,13078.265,2021-02-23T21:40:40.455Z,13091.883
Trial,flow.Sequence,2_0_4,red,blue,task,completion,999.951,12061.399999999,12058.602,12075.267,13075.218,13078.43,2021-02-23T21:40:40.455Z,13091.883
"Fixation cross",canvas.Screen,2_0_5_0,orange,orange,task,timeout,499.975,13078.549999998,13075.218,13091.883,13575.193,13579.314999999,2021-02-23T21:40:40.956Z,13591.858
"Stroop screen",canvas.Screen,2_0_5_1,orange,orange,task,orange,keydown(o),orange,1,response,773.85699999991,13579.49,13575.193,13591.858,14365.715,14368.629999999,2021-02-23T21:40:41.745Z,14375.138
"Inter-trial interval",canvas.Screen,2_0_5_2,orange,orange,task,timeout,499.988,14368.89,14358.473,14375.138,14858.461,14860.879999998,2021-02-23T21:40:42.237Z,14875.126
Trial,flow.Sequence,2_0_5,orange,orange,task,completion,1766.578,13078.514999999,13075.218,13091.883,14858.461,14860.975,2021-02-23T21:40:42.238Z,14875.126
"Fixation cross",canvas.Screen,2_0_6_0,red,red,task,timeout,499.975,14861.04,14858.461,14875.126,15358.436,15361.074999999,2021-02-23T21:40:42.738Z,15375.101
"Stroop screen",canvas.Screen,2_0_6_1,red,red,task,orange,keydown(o),red,,response,168.61399999979,15361.229999999,15358.436,15375.101,15543.715,15545.764999999,2021-02-23T21:40:42.922Z,15558.441
"Inter-trial interval",canvas.Screen,2_0_6_2,red,red,task,timeout,499.959,15545.88,15541.776,15558.441,16041.735,16043.959999999,2021-02-23T21:40:43.421Z,16058.4
Trial,flow.Sequence,2_0_6,red,red,task,completion,1166.609,14861.019999998,14858.461,14875.126,16041.735,16044.155,2021-02-23T21:40:43.421Z,16058.4
"Fixation cross",canvas.Screen,2_0_7_0,blue,blue,task,timeout,499.975,16044.29,16041.735,16058.4,16541.71,16543.964999999,2021-02-23T21:40:43.921Z,16558.375
"Stroop screen",canvas.Screen,2_0_7_1,blue,blue,task,orange,keydown(o),blue,,response,173.33999999989,16544.089999999,16541.71,16558.375,16731.715,16734.629999999,2021-02-23T21:40:44.111Z,16741.715
"Inter-trial interval",canvas.Screen,2_0_7_2,blue,blue,task,timeout,499.959,16734.794999998,16725.05,16741.715,17225.009,17227.895,2021-02-23T21:40:44.605Z,17241.674
Trial,flow.Sequence,2_0_7,blue,blue,task,completion,1166.609,16044.249999999,16041.735,16058.4,17225.009,17228.11,2021-02-23T21:40:44.605Z,17241.674
"Fixation cross",canvas.Screen,2_0_8_0,green,blue,task,timeout,499.975,17228.219999999,17225.009,17241.674,17724.984,17727.664999999,2021-02-23T21:40:45.104Z,17741.649
"Stroop screen",canvas.Screen,2_0_8_1,green,blue,task,orange,keydown(o),green,,response,207.06599999863,17727.814999998,17724.984,17741.649,17948.714999999,17951.854999999,2021-02-23T21:40:45.328Z,17958.318
"Inter-trial interval",canvas.Screen,2_0_8_2,green,blue,task,timeout,499.961,17951.944999999,17941.653,17958.318,18441.614,18444.029999999,2021-02-23T21:40:45.821Z,18458.279
Trial,flow.Sequence,2_0_8,green,blue,task,completion,1199.94,17228.195,17225.009,17241.674,18441.614,18444.239999999,2021-02-23T21:40:45.821Z,18458.279
"Fixation cross",canvas.Screen,2_0_9_0,orange,orange,task,timeout,499.975,18444.394999999,18441.614,18458.279,18941.589,18943.26,2021-02-23T21:40:46.320Z,18958.254
"Stroop screen",canvas.Screen,2_0_9_1,orange,orange,task,orange,keydown(o),orange,1,response,170.46099999892,18943.35,18941.589,18958.254,19128.714999999,19130.55,2021-02-23T21:40:46.507Z,19141.594
"Inter-trial interval",canvas.Screen,2_0_9_2,orange,orange,task,timeout,499.959,19130.685,19124.929,19141.594,19624.888,19626.67,2021-02-23T21:40:47.003Z,19641.553
Trial,flow.Sequence,2_0_9,orange,orange,task,completion,1166.609,18444.35,18441.614,18458.279,19624.888,19626.759999999,2021-02-23T21:40:47.003Z,19641.553
"Fixation cross",canvas.Screen,2_0_10_0,orange,red,task,timeout,499.975,19626.819999999,19624.888,19641.553,20124.863,20127.194999999,2021-02-23T21:40:47.504Z,20141.528
"Stroop screen",canvas.Screen,2_0_10_1,orange,red,task,orange,keydown(o),orange,1,response,0.1869999997507,20127.264999999,20124.863,20141.528,20141.715,20144.44,2021-02-23T21:40:47.521Z,20174.883
"Inter-trial interval",canvas.Screen,2_0_10_2,orange,red,task,timeout,499.952,20144.504999998,20158.193,20174.883,20658.17,20660.73,2021-02-23T21:40:48.037Z,20674.835
Trial,flow.Sequence,2_0_10,orange,red,task,completion,1016.617,19626.805,19624.888,19641.553,20658.17,20660.819999999,2021-02-23T21:40:48.037Z,20674.835
"Fixation cross",canvas.Screen,2_0_11_0,green,green,task,timeout,499.974,20660.879999999,20658.17,20674.835,21158.144,21160.054999998,2021-02-23T21:40:48.537Z,21174.809
"Stroop screen",canvas.Screen,2_0_11_1,green,green,task,orange,keydown(o),green,,response,233.90599999957,21160.169999999,21158.144,21174.809,21408.715,21411.435,2021-02-23T21:40:48.788Z,21424.81
"Inter-trial interval",canvas.Screen,2_0_11_2,green,green,task,timeout,499.962,21411.529999999,21408.145,21424.81,21908.107,21911.5,2021-02-23T21:40:49.288Z,21924.772
Trial,flow.Sequence,2_0_11,green,green,task,completion,1233.272,20660.865,20658.17,20674.835,21908.107,21911.634999999,2021-02-23T21:40:49.288Z,21924.772
"Fixation cross",canvas.Screen,2_0_12_0,orange,green,task,timeout,499.975,21911.709999998,21908.107,21924.772,22408.082,22410.5,2021-02-23T21:40:49.787Z,22424.747
"Stroop screen",canvas.Screen,2_0_12_1,orange,green,task,orange,keydown(o),orange,1,response,198.96799999972,22410.65,22408.082,22424.747,22623.715,22625.919999999,2021-02-23T21:40:50.003Z,22641.416
"Inter-trial interval",canvas.Screen,2_0_12_2,orange,green,task,timeout,499.961,22626.005,22624.751,22641.416,23124.712,23127.864999999,2021-02-23T21:40:50.504Z,23141.377
Trial,flow.Sequence,2_0_12,orange,green,task,completion,1199.94,21911.689999999,21908.107,21924.772,23124.712,23128.115,2021-02-23T21:40:50.505Z,23141.377
"Fixation cross",canvas.Screen,2_0_13_0,green,red,task,timeout,499.975,23128.279999999,23124.712,23141.377,23624.687,23626.94,2021-02-23T21:40:51.004Z,23641.352
"Stroop screen",canvas.Screen,2_0_13_1,green,red,task,orange,keydown(o),green,,response,227.3629999987,23627.01,23624.687,23641.352,23868.714999999,23871.234999999,2021-02-23T21:40:51.248Z,23874.687
"Inter-trial interval",canvas.Screen,2_0_13_2,green,red,task,timeout,499.961,23871.379999999,23858.022,23874.687,24357.983,24361.25,2021-02-23T21:40:51.738Z,24374.648
Trial,flow.Sequence,2_0_13,green,red,task,completion,1216.606,23128.24,23124.712,23141.377,24357.983,24361.519999999,2021-02-23T21:40:51.738Z,24374.648
"Fixation cross",canvas.Screen,2_0_14_0,red,red,task,timeout,499.975,24361.69,24357.983,24374.648,24857.958,24860.144999999,2021-02-23T21:40:52.237Z,24874.623
"Stroop screen",canvas.Screen,2_0_14_1,red,red,task,orange,keydown(o),red,,response,687.09199999982,24860.219999999,24857.958,24874.623,25561.715,25564.344999999,2021-02-23T21:40:52.941Z,25574.578
"Inter-trial interval",canvas.Screen,2_0_14_2,red,red,task,timeout,499.985,25564.429999999,25557.913,25574.578,26057.898,26060.91,2021-02-23T21:40:53.438Z,26074.563
Trial,flow.Sequence,2_0_14,red,red,task,completion,1683.25,24361.644999999,24357.983,24374.648,26057.898,26061.109999999,2021-02-23T21:40:53.438Z,26074.563
"Fixation cross",canvas.Screen,2_0_15_0,blue,blue,task,timeout,499.975,26061.169999999,26057.898,26074.563,26557.873,26560.104999999,2021-02-23T21:40:53.937Z,26574.538
"Stroop screen",canvas.Screen,2_0_15_1,blue,blue,task,orange,keydown(o),blue,,response,6.8419999986145,26560.2,26557.873,26564.714999999,26566.444999999,2021-02-23T21:40:53.943Z,26591.203
"Inter-trial interval",canvas.Screen,2_0_15_2,blue,blue,task,timeout,499.976,26566.514999999,26574.538,26591.203,27074.514,27077.324999998,2021-02-23T21:40:54.454Z,27091.179
Trial,flow.Sequence,2_0_15,blue,blue,task,completion,999.951,26061.154999999,26057.898,26074.563,27074.514,27077.55,2021-02-23T21:40:54.454Z,27091.179
"Fixation cross",canvas.Screen,2_0_16_0,green,orange,task,timeout,499.975,27077.684999998,27074.514,27091.179,27574.489,27577.069999999,2021-02-23T21:40:54.954Z,27591.154
"Stroop screen",canvas.Screen,2_0_16_1,green,orange,task,orange,keydown(o),green,,response,235.56099999924,27577.19,27574.489,27591.154,27826.714999999,27828.954999999,2021-02-23T21:40:55.206Z,27841.153
"Inter-trial interval",canvas.Screen,2_0_16_2,green,orange,task,timeout,499.963,27829.029999999,27824.488,27841.153,28324.451,28327.374999999,2021-02-23T21:40:55.704Z,28341.116
Trial,flow.Sequence,2_0_16,green,orange,task,completion,1233.272,27077.649999999,27074.514,27091.179,28324.451,28327.539999998,2021-02-23T21:40:55.704Z,28341.116
"Fixation cross",canvas.Screen,2_0_17_0,orange,blue,task,timeout,499.975,28327.615,28324.451,28341.116,28824.426,28826.874999999,2021-02-23T21:40:56.203Z,28841.091
"Stroop screen",canvas.Screen,2_0_17_1,orange,blue,task,orange,keydown(o),orange,1,response,3.2889999994441,28827.019999999,28824.426,28827.714999999,28829.834999999,2021-02-23T21:40:56.206Z,28857.756
"Inter-trial interval",canvas.Screen,2_0_17_2,orange,blue,task,timeout,499.975,28829.909999999,28841.091,28857.756,29341.066,29343.164999998,2021-02-23T21:40:56.720Z,29357.731
Trial,flow.Sequence,2_0_17,orange,blue,task,completion,999.95,28327.594999999,28324.451,28341.116,29341.066,29343.349999999,2021-02-23T21:40:56.720Z,29357.731
"Fixation cross",canvas.Screen,2_0_18_0,blue,blue,task,timeout,499.975,29343.414999999,29341.066,29357.731,29841.041,29843.289999999,2021-02-23T21:40:57.220Z,29857.706
"Stroop screen",canvas.Screen,2_0_18_1,blue,blue,task,orange,keydown(o),blue,,response,170.00899999835,29843.47,29841.041,29857.706,30027.714999998,30030.789999999,2021-02-23T21:40:57.407Z,30041.046
"Inter-trial interval",canvas.Screen,2_0_18_2,blue,blue,task,timeout,499.959,30030.885,30024.381,30041.046,30524.34,30526.469999999,2021-02-23T21:40:57.903Z,30541.005
Trial,flow.Sequence,2_0_18,blue,blue,task,completion,1166.609,29343.395,29341.066,29357.731,30524.34,30526.624999999,2021-02-23T21:40:57.903Z,30541.005
"Fixation cross",canvas.Screen,2_0_19_0,blue,green,task,timeout,499.975,30526.684999999,30524.34,30541.005,31024.315,31026.629999998,2021-02-23T21:40:58.403Z,31040.98
"Stroop screen",canvas.Screen,2_0_19_1,blue,green,task,orange,keydown(o),blue,,response,203.73499999891,31026.699999999,31024.315,31040.98,31244.714999999,31247.079999999,2021-02-23T21:40:58.624Z,31257.65
"Inter-trial interval",canvas.Screen,2_0_19_2,blue,green,task,timeout,499.96,31247.234999999,31240.985,31257.65,31740.945,31743.805,2021-02-23T21:40:59.120Z,31757.61
Trial,flow.Sequence,2_0_19,blue,green,task,completion,1199.94,30526.669999999,30524.34,30541.005,31740.945,31743.939999998,2021-02-23T21:40:59.121Z,31757.61
"Fixation cross",canvas.Screen,2_0_20_0,green,green,task,timeout,499.975,31744.734999998,31740.945,31757.61,32240.92,32242.964999999,2021-02-23T21:40:59.620Z,32257.585
"Stroop screen",canvas.Screen,2_0_20_1,green,green,task,orange,keydown(o),green,,response,173.1299999986,32243.039999999,32240.92,32257.585,32430.714999999,32433.024999998,2021-02-23T21:40:59.810Z,32440.925
"Inter-trial interval",canvas.Screen,2_0_20_2,green,green,task,timeout,499.959,32433.099999998,32424.26,32440.925,32924.219,32926.345,2021-02-23T21:41:00.303Z,32940.884
Trial,flow.Sequence,2_0_20,green,green,task,completion,1166.609,31744.704999999,31740.945,31757.61,32924.219,32926.434999999,2021-02-23T21:41:00.303Z,32940.884
"Fixation cross",canvas.Screen,2_0_21_0,orange,orange,task,timeout,499.975,32926.49,32924.219,32940.884,33424.194,33426.765,2021-02-23T21:41:00.803Z,33440.859
"Stroop screen",canvas.Screen,2_0_21_1,orange,orange,task,orange,keydown(o),orange,1,response,207.85599999936,33426.834999998,33424.194,33440.859,33648.714999999,33650.469999999,2021-02-23T21:41:01.027Z,33657.529
"Inter-trial interval",canvas.Screen,2_0_21_2,orange,orange,task,timeout,499.96,33650.544999999,33640.864,33657.529,34140.824,34144.269999999,2021-02-23T21:41:01.521Z,34157.489
Trial,flow.Sequence,2_0_21,orange,orange,task,completion,1199.94,32926.474999998,32924.219,32940.884,34140.824,34144.464999999,2021-02-23T21:41:01.521Z,34157.489
"Fixation cross",canvas.Screen,2_0_22_0,red,orange,task,timeout,499.976,34144.574999998,34140.824,34157.489,34640.8,34643.01,2021-02-23T21:41:02.020Z,34657.465
"Stroop screen",canvas.Screen,2_0_22_1,red,orange,task,orange,keydown(o),red,,response,195.24999999908,34643.15,34640.8,34657.465,34852.714999999,34854.824999999,2021-02-23T21:41:02.231Z,34857.469
"Inter-trial interval",canvas.Screen,2_0_22_2,red,orange,task,timeout,499.961,34854.899999998,34840.804,34857.469,35340.765,35342.214999999,2021-02-23T21:41:02.719Z,35357.43
Trial,flow.Sequence,2_0_22,red,orange,task,completion,1183.276,34144.544999999,34140.824,34157.489,35340.765,35342.299999998,2021-02-23T21:41:02.719Z,35357.43
"Fixation cross",canvas.Screen,2_0_23_0,red,red,task,timeout,499.974,35342.354999999,35340.765,35357.43,35840.739,35844.169999998,2021-02-23T21:41:03.221Z,35857.404
"Stroop screen",canvas.Screen,2_0_23_1,red,red,task,orange,keydown(o),red,,response,222.31099999985,35844.244999998,35840.739,35857.404,36079.715,36082.295,2021-02-23T21:41:03.459Z,36090.739
"Inter-trial interval",canvas.Screen,2_0_23_2,red,red,task,timeout,499.962,36082.399999999,36074.074,36090.739,36574.036,36576.014999999,2021-02-23T21:41:03.953Z,36590.701
Trial,flow.Sequence,2_0_23,red,red,task,completion,1216.606,35342.339999999,35340.765,35357.43,36574.036,36576.175,2021-02-23T21:41:03.953Z,36590.701
"Stroop task",flow.Loop,2_0,completion,28948.546,7596.7799999999,7608.825,7625.49,36574.036,36576.25,2021-02-23T21:41:03.953Z,36590.701
"Task frame",canvas.Frame,2,,28950.794999999,7595.9299999995,7608.825,7625.49,36576.284999999,36576.309999999,2021-02-23T21:41:03.953Z,36607.366
Thanks,html.Screen,3,timeout,16.688999999998,36576.359999999,36590.701,36607.366,36609.504999999,36609.709999999,2021-02-23T21:41:03.986Z,36624.055
root,flow.Sequence,,completion,36450.281999999,153.12499999891,142.556,159.223,36609.504999999,36609.924999999,2021-02-23T21:41:03.987Z,36624.055
